{
  "iterations": [
    0,
    5000
  ],
  "global_stats": {
    "mean_dx": [
      0.0,
      0.00028499609862382594
    ],
    "mean_dy": [
      0.0,
      -0.0024071944689449784
    ],
    "mean_magnitude": [
      0.0,
      0.004441596732167734
    ],
    "convergence": [
      0.0,
      0.00376017006889826
    ]
  },
  "individual_samples": {
    "sample_0": {
      "dx": [
        0.0,
        0.0
      ],
      "dy": [
        0.0,
        0.0
      ],
      "magnitude": [
        0.0,
        0.0
      ],
      "angle_degrees": [
        0,
        0
      ]
    },
    "sample_1": {
      "dx": [
        0.0,
        -0.0008344410452991724
      ],
      "dy": [
        0.0,
        0.005161945708096027
      ],
      "magnitude": [
        0.0,
        0.005228955474223411
      ],
      "angle_degrees": [
        0,
        99.18256683808643
      ]
    },
    "sample_2": {
      "dx": [
        0.0,
        0.0007695454405620694
      ],
      "dy": [
        0.0,
        0.005019351374357939
      ],
      "magnitude": [
        0.0,
        0.0050780004336705995
      ],
      "angle_degrees": [
        0,
        81.28352935311096
      ]
    },
    "sample_3": {
      "dx": [
        0.0,
        -0.0006957516307011247
      ],
      "dy": [
        0.0,
        0.0007030112319625914
      ],
      "magnitude": [
        0.0,
        0.000989088026360058
      ],
      "angle_degrees": [
        0,
        134.70263667292787
      ]
    },
    "sample_4": {
      "dx": [
        0.0,
        -0.0008881211979314685
      ],
      "dy": [
        0.0,
        -0.009345121681690216
      ],
      "magnitude": [
        0.0,
        0.009387228478513336
      ],
      "angle_degrees": [
        0,
        -95.42884583742263
      ]
    },
    "sample_5": {
      "dx": [
        0.0,
        0.0015686616534367204
      ],
      "dy": [
        0.0,
        -0.00442530820146203
      ],
      "magnitude": [
        0.0,
        0.004695109376882496
      ],
      "angle_degrees": [
        0,
        -70.48184970360806
      ]
    },
    "sample_6": {
      "dx": [
        0.0,
        -0.0011904811253771186
      ],
      "dy": [
        0.0,
        -0.01447244081646204
      ],
      "magnitude": [
        0.0,
        0.014521321857733048
      ],
      "angle_degrees": [
        0,
        -94.70247699270693
      ]
    },
    "sample_7": {
      "dx": [
        0.0,
        -0.0011967504397034645
      ],
      "dy": [
        0.0,
        -0.0014738395111635327
      ],
      "magnitude": [
        0.0,
        0.0018985295677437306
      ],
      "angle_degrees": [
        0,
        -129.07642882419864
      ]
    },
    "sample_8": {
      "dx": [
        0.0,
        0.0012716954806819558
      ],
      "dy": [
        0.0,
        -0.0014381884830072522
      ],
      "magnitude": [
        0.0,
        0.0019197904855065857
      ],
      "angle_degrees": [
        0,
        -48.51578541473042
      ]
    },
    "sample_9": {
      "dx": [
        0.0,
        0.0017889980226755142
      ],
      "dy": [
        0.0,
        -0.0019410898676142097
      ],
      "magnitude": [
        0.0,
        0.002639762072477641
      ],
      "angle_degrees": [
        0,
        -47.334903792130696
      ]
    },
    "sample_10": {
      "dx": [
        0.0,
        -0.0010202705161646008
      ],
      "dy": [
        0.0,
        -0.0057592433877289295
      ],
      "magnitude": [
        0.0,
        0.0058489175344891104
      ],
      "angle_degrees": [
        0,
        -100.0459253940747
      ]
    },
    "sample_11": {
      "dx": [
        0.0,
        0.002260881708934903
      ],
      "dy": [
        0.0,
        -0.0027853851206600666
      ],
      "magnitude": [
        0.0,
        0.003587472142357471
      ],
      "angle_degrees": [
        0,
        -50.93395263392328
      ]
    },
    "sample_12": {
      "dx": [
        0.0,
        0.001870982930995524
      ],
      "dy": [
        0.0,
        -0.0005372193409129977
      ],
      "magnitude": [
        0.0,
        0.0019465820682230681
      ],
      "angle_degrees": [
        0,
        -16.020473933659606
      ]
    }
  },
  "includes_initial_state": true
}