{
  "total_samples": 50,
  "psnr": {
    "model_mean": 22.287002296447753,
    "model_std": 4.404365712632282,
    "model_min": 14.83023452758789,
    "model_max": 39.79432678222656,
    "bilinear_mean": 25.442631454467772,
    "bilinear_std": 3.8283839550174874,
    "bilinear_min": 18.95455551147461,
    "bilinear_max": 42.41483688354492,
    "improvement_mean": -3.1556291580200195,
    "improvement_std": 2.253210556821256,
    "improvement_min": -11.690295219421387,
    "improvement_max": 2.741943359375
  },
  "ssim": {
    "model_mean": 0.6559432119131088,
    "model_std": 0.1556985551828064,
    "model_min": 0.2910040020942688,
    "model_max": 0.9902558922767639,
    "bilinear_mean": 0.7111176747083664,
    "bilinear_std": 0.13504945885388314,
    "bilinear_min": 0.30854666233062744,
    "bilinear_max": 0.987153947353363,
    "improvement_mean": -0.05517446279525757,
    "improvement_std": 0.07704202888259516,
    "improvement_min": -0.3056415617465973,
    "improvement_max": 0.10286730527877808
  },
  "lpips": {
    "model_mean": 0.6222969794273376,
    "model_std": 0.07608650768523208,
    "model_min": 0.38459062576293945,
    "model_max": 0.821137011051178,
    "bilinear_mean": 0.5321044433116913,
    "bilinear_std": 0.06191688630078107,
    "bilinear_min": 0.35517796874046326,
    "bilinear_max": 0.6746382713317871,
    "improvement_mean": -0.09019253611564636,
    "improvement_std": 0.05892799187557742,
    "improvement_min": -0.1936572790145874,
    "improvement_max": 0.06180369853973389
  }
}