{
  "iterations": [
    0,
    20000
  ],
  "global_stats": {
    "mean_dx": [
      0.0,
      0.000863558492710581
    ],
    "mean_dy": [
      0.0,
      -0.0008163709594555257
    ],
    "mean_magnitude": [
      0.0,
      0.001451080859052479
    ],
    "convergence": [
      0.0,
      0.0008409228241955105
    ]
  },
  "individual_samples": {
    "sample_0": {
      "dx": [
        0.0,
        0.0
      ],
      "dy": [
        0.0,
        0.0
      ],
      "magnitude": [
        0.0,
        0.0
      ],
      "angle_degrees": [
        0,
        0
      ]
    },
    "sample_1": {
      "dx": [
        0.0,
        0.001720849541015923
      ],
      "dy": [
        0.0,
        -5.2860752475680783e-05
      ],
      "magnitude": [
        0.0,
        0.0017216612332183728
      ],
      "angle_degrees": [
        0,
        -1.7594483855313314
      ]
    },
    "sample_2": {
      "dx": [
        0.0,
        0.001480260631069541
      ],
      "dy": [
        0.0,
        -0.0016422774642705917
      ],
      "magnitude": [
        0.0,
        0.002210937992243437
      ],
      "angle_degrees": [
        0,
        -47.970200359798376
      ]
    },
    "sample_3": {
      "dx": [
        0.0,
        -0.0006862343288958073
      ],
      "dy": [
        0.0,
        -0.00046420368016697466
      ],
      "magnitude": [
        0.0,
        0.0008284941827409785
      ],
      "angle_degrees": [
        0,
        -145.92358717929932
      ]
    },
    "sample_4": {
      "dx": [
        0.0,
        0.0023988329339772463
      ],
      "dy": [
        0.0,
        -0.0013877968303859234
      ],
      "magnitude": [
        0.0,
        0.0027713497591540298
      ],
      "angle_degrees": [
        0,
        -30.050669534542717
      ]
    },
    "sample_5": {
      "dx": [
        0.0,
        0.0014721557963639498
      ],
      "dy": [
        0.0,
        -0.0011935530928894877
      ],
      "magnitude": [
        0.0,
        0.0018952075544156205
      ],
      "angle_degrees": [
        0,
        -39.03347595159164
      ]
    },
    "sample_6": {
      "dx": [
        0.0,
        -0.00035978821688331664
      ],
      "dy": [
        0.0,
        -0.000594529730733484
      ],
      "magnitude": [
        0.0,
        0.0006949195361580401
      ],
      "angle_degrees": [
        0,
        -121.18083242912158
      ]
    },
    "sample_7": {
      "dx": [
        0.0,
        0.0008823915850371122
      ],
      "dy": [
        0.0,
        -0.0011957461247220635
      ],
      "magnitude": [
        0.0,
        0.001486076614489354
      ],
      "angle_degrees": [
        0,
        -53.574816616047805
      ]
    }
  },
  "includes_initial_state": true
}