{
  "total_samples": 20,
  "psnr": {
    "model_mean": 23.617359352111816,
    "model_std": 2.9715297125986933,
    "model_min": 17.127988815307617,
    "model_max": 30.909658432006836,
    "bilinear_mean": 26.62105655670166,
    "bilinear_std": 3.6790241356761686,
    "bilinear_min": 20.686845779418945,
    "bilinear_max": 36.95134735107422,
    "improvement_mean": -3.0036972045898436,
    "improvement_std": 3.127984965715675,
    "improvement_min": -15.77020263671875,
    "improvement_max": -0.48566436767578125
  },
  "ssim": {
    "model_mean": 0.50576753616333,
    "model_std": 0.14581267051899133,
    "model_min": 0.2407180666923523,
    "model_max": 0.7373283505439758,
    "bilinear_mean": 0.5968271642923355,
    "bilinear_std": 0.15294234668826562,
    "bilinear_min": 0.36276212334632874,
    "bilinear_max": 0.8986467719078064,
    "improvement_mean": -0.09105962812900543,
    "improvement_std": 0.06593705074990493,
    "improvement_min": -0.33260393142700195,
    "improvement_max": -0.020920991897583008
  },
  "lpips": {
    "model_mean": 0.6201446503400803,
    "model_std": 0.054498891180609965,
    "model_min": 0.5206595659255981,
    "model_max": 0.7165558338165283,
    "bilinear_mean": 0.564805981516838,
    "bilinear_std": 0.05407098528475859,
    "bilinear_min": 0.4597553610801697,
    "bilinear_max": 0.6811091899871826,
    "improvement_mean": -0.05533866882324219,
    "improvement_std": 0.050101734537452945,
    "improvement_min": -0.14113444089889526,
    "improvement_max": 0.03991591930389404
  }
}