{
  "iterations": [
    0,
    20000
  ],
  "global_stats": {
    "mean_dx": [
      0.0,
      1.8132032065213107e-05
    ],
    "mean_dy": [
      0.0,
      -0.0013573167196599652
    ],
    "mean_magnitude": [
      0.0,
      0.001957765261560079
    ],
    "convergence": [
      0.0,
      0.0017733239318327852
    ]
  },
  "individual_samples": {
    "sample_0": {
      "dx": [
        0.0,
        0.0
      ],
      "dy": [
        0.0,
        0.0
      ],
      "magnitude": [
        0.0,
        0.0
      ],
      "angle_degrees": [
        0,
        0
      ]
    },
    "sample_1": {
      "dx": [
        0.0,
        0.00018502704915590584
      ],
      "dy": [
        0.0,
        0.0006347657763399184
      ],
      "magnitude": [
        0.0,
        0.0006611827279442206
      ],
      "angle_degrees": [
        0,
        73.74919320497621
      ]
    },
    "sample_2": {
      "dx": [
        0.0,
        0.000996643677353859
      ],
      "dy": [
        0.0,
        -0.0002990712528117001
      ],
      "magnitude": [
        0.0,
        0.0010405490059904833
      ],
      "angle_degrees": [
        0,
        -16.703365907962507
      ]
    },
    "sample_3": {
      "dx": [
        0.0,
        -0.0017916695214807987
      ],
      "dy": [
        0.0,
        -0.0012769108870998025
      ],
      "magnitude": [
        0.0,
        0.002200132061444776
      ],
      "angle_degrees": [
        0,
        -144.52278198815782
      ]
    },
    "sample_4": {
      "dx": [
        0.0,
        1.57163249241421e-05
      ],
      "dy": [
        0.0,
        -0.003981858491897583
      ],
      "magnitude": [
        0.0,
        0.0039818895078048075
      ],
      "angle_degrees": [
        0,
        -89.77385574766231
      ]
    },
    "sample_5": {
      "dx": [
        0.0,
        0.0010719622951000929
      ],
      "dy": [
        0.0,
        0.0002517951652407646
      ],
      "magnitude": [
        0.0,
        0.0011011375787588408
      ],
      "angle_degrees": [
        0,
        13.218676710542605
      ]
    },
    "sample_6": {
      "dx": [
        0.0,
        -0.000837658706586808
      ],
      "dy": [
        0.0,
        -0.00449706707149744
      ],
      "magnitude": [
        0.0,
        0.00457441628563331
      ],
      "angle_degrees": [
        0,
        -100.55143692907001
      ]
    },
    "sample_7": {
      "dx": [
        0.0,
        -0.0020680364686995745
      ],
      "dy": [
        0.0,
        -0.0031882189214229584
      ],
      "magnitude": [
        0.0,
        0.0038001993009302523
      ],
      "angle_degrees": [
        0,
        -122.96943645862727
      ]
    },
    "sample_8": {
      "dx": [
        0.0,
        -0.0009318228694610298
      ],
      "dy": [
        0.0,
        -0.0050035035237669945
      ],
      "magnitude": [
        0.0,
        0.005089532529849801
      ],
      "angle_degrees": [
        0,
        -100.54957064711988
      ]
    },
    "sample_9": {
      "dx": [
        0.0,
        0.0012298563960939646
      ],
      "dy": [
        0.0,
        -0.002045464003458619
      ],
      "magnitude": [
        0.0,
        0.0023867278320868924
      ],
      "angle_degrees": [
        0,
        -58.983175525634564
      ]
    },
    "sample_10": {
      "dx": [
        0.0,
        0.0003529890382196754
      ],
      "dy": [
        0.0,
        -0.0003671253507491201
      ],
      "magnitude": [
        0.0,
        0.0005092958710473863
      ],
      "angle_degrees": [
        0,
        -46.12460886870243
      ]
    },
    "sample_11": {
      "dx": [
        0.0,
        0.0001991483586607501
      ],
      "dy": [
        0.0,
        -0.0003875298716593534
      ],
      "magnitude": [
        0.0,
        0.00043570571511696477
      ],
      "angle_degrees": [
        0,
        -62.801747662973405
      ]
    },
    "sample_12": {
      "dx": [
        0.0,
        0.0003209347487427294
      ],
      "dy": [
        0.0,
        -0.0003820904821623117
      ],
      "magnitude": [
        0.0,
        0.0004989912318965
      ],
      "angle_degrees": [
        0,
        -49.971609594510774
      ]
    },
    "sample_13": {
      "dx": [
        0.0,
        0.00046923334593884647
      ],
      "dy": [
        0.0,
        -0.0005559074343182147
      ],
      "magnitude": [
        0.0,
        0.0007274702801291785
      ],
      "angle_degrees": [
        0,
        -49.83277696913401
      ]
    },
    "sample_14": {
      "dx": [
        0.0,
        -0.00027704218518920243
      ],
      "dy": [
        0.0,
        -0.005765341222286224
      ],
      "magnitude": [
        0.0,
        0.00577199374408594
      ],
      "angle_degrees": [
        0,
        -92.75112028192879
      ]
    },
    "sample_15": {
      "dx": [
        0.0,
        0.00021812671911902726
      ],
      "dy": [
        0.0,
        -0.0003562512865755707
      ],
      "magnitude": [
        0.0,
        0.00041772508277619673
      ],
      "angle_degrees": [
        0,
        -58.521559624034836
      ]
    },
    "sample_16": {
      "dx": [
        0.0,
        0.0006229873979464173
      ],
      "dy": [
        0.0,
        -0.0007556272903457284
      ],
      "magnitude": [
        0.0,
        0.00097932931127138
      ],
      "angle_degrees": [
        0,
        -50.49565135183375
      ]
    },
    "sample_17": {
      "dx": [
        0.0,
        -0.002294039586558938
      ],
      "dy": [
        0.0,
        -0.003909848630428314
      ],
      "magnitude": [
        0.0,
        0.004533159377030733
      ],
      "angle_degrees": [
        0,
        -120.4015809377136
      ]
    },
    "sample_18": {
      "dx": [
        0.0,
        0.0006166357779875398
      ],
      "dy": [
        0.0,
        -3.949390884372406e-05
      ],
      "magnitude": [
        0.0,
        0.0006178992244128931
      ],
      "angle_degrees": [
        0,
        -3.6646394311121107
      ]
    },
    "sample_19": {
      "dx": [
        0.0,
        0.0009003203012980521
      ],
      "dy": [
        0.0,
        0.002158432500436902
      ],
      "magnitude": [
        0.0,
        0.002338676442749555
      ],
      "angle_degrees": [
        0,
        67.35812133443001
      ]
    },
    "sample_20": {
      "dx": [
        0.0,
        0.0008488876628689468
      ],
      "dy": [
        0.0,
        -9.437505650566891e-05
      ],
      "magnitude": [
        0.0,
        0.0008541176239029089
      ],
      "angle_degrees": [
        0,
        -6.343805682171344
      ]
    },
    "sample_21": {
      "dx": [
        0.0,
        0.0005507049500010908
      ],
      "dy": [
        0.0,
        -2.7658870749291964e-07
      ],
      "magnitude": [
        0.0,
        0.0005507050194587089
      ],
      "angle_degrees": [
        0,
        -0.02877650594532151
      ]
    }
  },
  "includes_initial_state": true
}