{
  "iterations": [
    0,
    5000
  ],
  "global_stats": {
    "mean_dx": [
      0.0,
      -0.001457325968378707
    ],
    "mean_dy": [
      0.0,
      -0.0004734293459198223
    ],
    "mean_magnitude": [
      0.0,
      0.004179794772988215
    ],
    "convergence": [
      0.0,
      0.0035407669031913523
    ]
  },
  "individual_samples": {
    "sample_0": {
      "dx": [
        0.0,
        0.0
      ],
      "dy": [
        0.0,
        0.0
      ],
      "magnitude": [
        0.0,
        0.0
      ],
      "angle_degrees": [
        0,
        0
      ]
    },
    "sample_1": {
      "dx": [
        0.0,
        -0.0025474305730313063
      ],
      "dy": [
        0.0,
        0.006960914935916662
      ],
      "magnitude": [
        0.0,
        0.00741240441891039
      ],
      "angle_degrees": [
        0,
        110.10070732952244
      ]
    },
    "sample_2": {
      "dx": [
        0.0,
        0.000613486161455512
      ],
      "dy": [
        0.0,
        -0.0005761304637417197
      ],
      "magnitude": [
        0.0,
        0.0008416006069084477
      ],
      "angle_degrees": [
        0,
        -43.20141993611104
      ]
    },
    "sample_3": {
      "dx": [
        0.0,
        -0.00041174283251166344
      ],
      "dy": [
        0.0,
        -0.002439025091007352
      ],
      "magnitude": [
        0.0,
        0.0024735350320317174
      ],
      "angle_degrees": [
        0,
        -99.58201685025709
      ]
    },
    "sample_4": {
      "dx": [
        0.0,
        -0.0028153923340141773
      ],
      "dy": [
        0.0,
        -0.004009293857961893
      ],
      "magnitude": [
        0.0,
        0.004899068404698668
      ],
      "angle_degrees": [
        0,
        -125.0771640754458
      ]
    },
    "sample_5": {
      "dx": [
        0.0,
        -0.002738634590059519
      ],
      "dy": [
        0.0,
        -0.012534900568425655
      ],
      "magnitude": [
        0.0,
        0.012830582671032063
      ],
      "angle_degrees": [
        0,
        -102.32436454387748
      ]
    },
    "sample_6": {
      "dx": [
        0.0,
        -0.0024886007886379957
      ],
      "dy": [
        0.0,
        0.0026362512726336718
      ],
      "magnitude": [
        0.0,
        0.0036253213178520202
      ],
      "angle_degrees": [
        0,
        133.3497260110169
      ]
    },
    "sample_7": {
      "dx": [
        0.0,
        -0.0010368154617026448
      ],
      "dy": [
        0.0,
        0.006952321156859398
      ],
      "magnitude": [
        0.0,
        0.007029207335805401
      ],
      "angle_degrees": [
        0,
        98.48213639564031
      ]
    },
    "sample_8": {
      "dx": [
        0.0,
        -0.0004951542359776795
      ],
      "dy": [
        0.0,
        0.0004974835901521146
      ],
      "magnitude": [
        0.0,
        0.0007019028706860207
      ],
      "angle_degrees": [
        0,
        134.86554822444162
      ]
    },
    "sample_9": {
      "dx": [
        0.0,
        -0.0018880770076066256
      ],
      "dy": [
        0.0,
        0.0018943018512800336
      ],
      "magnitude": [
        0.0,
        0.0026745493621198606
      ],
      "angle_degrees": [
        0,
        134.90570565193994
      ]
    },
    "sample_10": {
      "dx": [
        0.0,
        -0.0024808370508253574
      ],
      "dy": [
        0.0,
        -0.0073488084599375725
      ],
      "magnitude": [
        0.0,
        0.007756258005868415
      ],
      "angle_degrees": [
        0,
        -108.65383760872538
      ]
    },
    "sample_11": {
      "dx": [
        0.0,
        -0.0027038250118494034
      ],
      "dy": [
        0.0,
        0.0004635158693417907
      ],
      "magnitude": [
        0.0,
        0.00274326751444953
      ],
      "angle_degrees": [
        0,
        170.2723594822862
      ]
    },
    "sample_12": {
      "dx": [
        0.0,
        4.778613583766855e-05
      ],
      "dy": [
        0.0,
        0.0013487882679328322
      ],
      "magnitude": [
        0.0,
        0.0013496345084842583
      ],
      "angle_degrees": [
        0,
        87.97092007303482
      ]
    }
  },
  "includes_initial_state": true
}